protein,varient_name,paper,Sequence,N,salt,pH,temp,Rg[nm],Rg_av_pred,w2_preds_tesei_model
hnRNPA1,WT,Martin,GSMASASSSQRGRSGSGNFGGGRGGGFGGNDNFGRGGNFSGRGGFGGSRGGGGYGGSGDGYNGFGNDGSNFGGGGSYNDFGNYNNQSSNFGPMKGGNFGGRSSGGSGGGGQYFAKPRNQGGYGGSSSSSSYGSGRRF,137,50,7.0,23,2.72,2.77954575,-0.34484723
hnRNPA2,Aro-,Martin,GSMAFASSFQRGRYGSGNFGGGRGGGFGGNDNFGRGGNFSGRGGFGGSRGGGGYGGSGDGYNGFGNDGSNFGGGGSYNDFGNYNNQSSNFGPMKGGNFGGRSSGGSYGGGQYFAKPRNQGGYGGSSFSSSYGSGRRF,137,50,7.0,23,2.89,2.694002975,-0.38453168
hnRNPA3,Aro--,Martin,GSMASASSSQRGRSGSGNSGGGRGGGFGGNDNFGRGGNSSGRGGFGGSRGGGGYGGSGDGYNGFGNDGSNSGGGGSSNDFGNYNNQSSNFGPMKGGNFGGRSSGGSGGGGQYSAKPRNQGGYGGSSSSSSSGSGRRF,137,50,7.0,23,3.01,2.886092558,-0.28979945
hnRNPA4,Aro+,Martin,GSMASASSSQRGRSGSGNSGGGRGGGFGGNDNSGRGGNSSGRGGFGGSRGGGGSGGSGDGYNGSGNDGSNSGGGGSSNDFGNSNNQSSNSGPMKGGNFGGRSSGGSGGGGQYSAKPRNQGGSGGSSSSSSSGSGRRS,137,50,7.0,23,2.44,3.011271692,-0.2247001
hnRNPA1_(A1-LCD),WT-NLS,Bremer,GSMASASSSQRGRSGSGNFGGGRGGGFGGNDNFGRGGNFSGRGGFGGSRGGGGYGGSGDGYNGFGNDGSNFGGGGSYNDFGNYNNQSSNFGPMKGGNFGGRSSGGSGGGGQYFAKPRNQGGYGGSSSSSSYGSGRRF,137,150,7.0,25,2.76,2.667853665,-0.34484723
hnRNPA1_(A1-LCD),WT+NLS,Bremer,GSMASASSSQRGRSGSGNFGGGRGGGFGGNDNFGRGGNFSGRGGFGGSRGGGGYGGSGDGYNGFGNDGSNFGGGGSYNDFGNYNNQSSNFGPMKGGNFGGRSSGPYGGGGQYFAKPRNQGGYGGSSSSSSYGSGRRF,137,150,7.0,25,2.583,2.665065329,-0.34647438
hnRNPA1_(A1-LCD),-12F+12Y,Bremer,GSMASASSSQRGRSGSGNYGGGRGGGYGGNDNYGRGGNYSGRGGYGGSRGGGGYGGSGDGYNGYGNDGSNYGGGGSYNDYGNYNNQSSNYGPMKGGNYGGRSSGGSGGGGQYYAKPRNQGGYGGSSSSSSYGSGRRY,137,150,7.0,25,2.604,2.593430947,-0.37725022
hnRNPA1_(A1-LCD),+7F-7Y,Bremer,GSMASASSSQRGRSGSGNFGGGRGGGFGGNDNFGRGGNFSGRGGFGGSRGGGGFGGSGDGFNGFGNDGSNFGGGGSFNDFGNFNNQSSNFGPMKGGNFGGRSSGGSGGGGQFFAKPRNQGGFGGSSSSSSFGSGRRF,137,150,7.0,25,2.718,2.72649201,-0.31061214
hnRNPA1_(A1-LCD),-9F+6Y,Bremer,GSMASASSSQRGRSGSGNFGGGRGGGYGGNDNYGRGGNYSGRGGFGGSRGGGGYGGSGDGYNGGGNDGSNYGGGGSYNDSGNYNNQSSNFGPMKGGNYGGRSSGGSGGGGQYGAKPRNQGGYGGSSSSSSYGSGRRY,137,150,7.0,25,2.655,2.67330763,-0.3397461
hnRNPA1_(A1-LCD),-8F+4Y,Bremer,GSMASASSSQRGRSGSGNFGGGRGGGYGGNDNGGRGGNYSGRGGFGGSRGGGGYGGSGDGYNGGGNDGSNYGGGGSYNDSGNYNNQSSNFGPMKGGNYGGRSSGGSGGGGQYGAKPRNQGGYGGSSSSSSYGSGRRF,137,150,7.0,25,2.707,2.69069985,-0.33270133
hnRNPA1_(A1-LCD),-9F+3Y,Bremer,GSMASASSSQRGRSGSGNFGGGRGGGYGGNDNGGRGGNYSGRGGFGGSRGGGGYGGSGDGYNGGGNDGSNYGGGGSYNDSGNGNNQSSNFGPMKGGNYGGRSSGGSGGGGQYGAKPRNQGGYGGSSSSSSYGSGRRS,137,150,7.0,25,2.683,2.720835079,-0.31949827
hnRNPA1_(A1-LCD),-10R,Bremer,GSMASASSSQGGSSGSGNFGGGGGGGFGGNDNFGGGGNFSGSGGFGGSGGGGGYGGSGDGYNGFGNDGSNFGGGGSYNDFGNYNNQSSNFGPMKGGNFGGSSSGPYGGGGQYFAKPGNQGGYGGSSSSSSYGSGGGF,137,150,7.0,25,2.671,2.698054512,-0.25107563
hnRNPA1_(A1-LCD),-6R,Bremer,GSMASASSSQGGRSGSGNFGGGRGGGFGGNDNFGGGGNFSGSGGFGGSRGGGGYGGSGDGYNGFGNDGSNFGGGGSYNDFGNYNNQSSNFGPMKGGNFGGSSSGPYGGGGQYFAKPGNQGGYGGSSSSSSYGSGGRF,137,150,7.0,25,2.573,2.647302437,-0.2631922
hnRNPA1_(A1-LCD),+7R,Bremer,GSMASASSSQRGRSGRGNFGGGRGGGFGGNDNFGRGGNFSGRGGFGGSRGGGRYGGSGDRYNGFGNDGRNFGGGGSYNDFGNYNNQSSNFGPMKGGNFRGRSSGPYGRGGQYFAKPRNQGGYGGSSSSRSYGSGRRF,137,150,7.0,25,2.709,2.8897102,-0.5265355
hnRNPA1_(A1-LCD),-3R+3K,Bremer,GSMASASSSQRGKSGSGNFGGGRGGGFGGNDNFGRGGNFSGRGGFGGSKGGGGYGGSGDGYNGFGNDGSNFGGGGSYNDFGNYNNQSSNFGPMKGGNFGGRSSGGSGGGGQYFAKPRNQGGYGGSSSSSSYGSGRKF,137,150,7.0,25,2.634,2.734381901,-0.31496823
hnRNPA1_(A1-LCD),-6R+6K,Bremer,GSMASASSSQKGKSGSGNFGGGRGGGFGGNDNFGKGGNFSGRGGFGGSKGGGGYGGSGDGYNGFGNDGSNFGGGGSYNDFGNYNNQSSNFGPMKGGNFGGKSSGGSGGGGQYFAKPRNQGGYGGSSSSSSYGSGRKF,137,150,7.0,25,2.787,2.794997238,-0.28669593
hnRNPA1_(A1-LCD),-4D,Bremer,GSMASASSSQRGRSGSGNFGGGRGGGFGGNGNFGRGGNFSGRGGFGGSRGGGGYGGSGGGYNGFGNSGSNFGGGGSYNGFGNYNNQSSNFGPMKGGNFGGRSSGPYGGGGQYFAKPRNQGGYGGSSSSSSYGSGRRF,137,150,7.0,25,2.642,2.808935655,-0.4755267
hnRNPA1_(A1-LCD),+4D,Bremer,GSMASASSSQRDRSGSGNFGGGRGGGFGGNDNFGRGGNFSGRGDFGGSRGGGGYGGSGDGYNGFGNDGSNFGGGGSYNDFGNYNNQSSNFGPMKGGNFGGRSSDPYGGGGQYFAKPRNQGGYGGSSSSSSYDSGRRF,137,150,7.0,25,2.718,2.660307676,-0.25231382
hnRNPA1_(A1-LCD),+8D,Bremer,GSMASASSSQRDRSGSGNFGGGRDGGFGGNDNFGRGDNFSGRGDFGGSRDGGGYGGSGDGYNGFGNDGSNFGGGGSYNDFGNYNNQSSNFGPMKGGNFGGRSSDPYGGGGQYFAKPRNQDGYGGSSSSSSYDSGRRF,137,150,7.0,25,2.685,2.700351745,-0.20195933
hnRNPA1_(A1-LCD),+12D,Bremer,GSMASADSSQRDRDDSGNFGDGRGGGFGGNDNFGRGGNFSDRGGFGGSRGDGGYGGDGDGYNGFGNDGSNFGGGGSYNDFGNYNNQSSNFDPMKGGNFGDRSSGPYDGGGQYFAKPRNQGGYGGSSSSSSYGSDRRF,137,150,7.0,25,2.801,2.73413,-0.24407695
hnRNPA1_(A1-LCD),+12E,Bremer,GSMASAESSQREREESGNFGEGRGGGFGGNDNFGRGGNFSERGGFGGSRGEGGYGGEGDGYNGFGNDGSNFGGGGSYNDFGNYNNQSSNFEPMKGGNFGERSSGPYEGGGQYFAKPRNQGGYGGSSSSSSYGSERRF,137,150,7.0,25,2.852,2.765836221,-0.23236628
hnRNPA1_(A1-LCD),+7K+12D,Bremer,GSMASADSSQRDRDDKGNFGDGRGGGFGGNDNFGRGGNFSDRGGFGGSRGDGKYGGDGDKYNGFGNDGKNFGGGGSYNDFGNYNNQSSNFDPMKGGNFKDRSSGPYDKGGQYFAKPRNQGGYGGSSSSKSYGSDRRF,137,150,7.0,25,2.921,2.864720166,-0.118673995
hnRNPA1_(A1-LCD),+7K+12D_blocky,Bremer,GSMASAKSSQRDRDDDGNFGKGRGGGFGGNKNFGRGGNFSKRGGFGGSRGKGKYGGKGDDYNGFGNDGDNFGGGGSYNDFGNYNNQSSNFDPMDGGNFDDRSSGPYDDGGQYFADPRNQGGYGGSSSSKSYGSKRRF,137,150,7.0,25,2.562,2.595524581,-0.23424682
hnRNPA1_(A1-LCD),+2R,Bremer,GSMASASSSQRGRSGSGNFGGGRGGGFGGNDNFGRGGNFSGRGGFGGSRGGGGYGGSGDGYNGFRNDGSNFGGGGRYNDFGNYNNQSSNFGPMKGGNFGGRSSGPYGGGGQYFAKPRNQGGYGGSSSSSSYGSGRRF,137,150,7.0,25,2.623,2.74310832,-0.39167032
hnRNPA1_(A1-LCD),-10R+10K,Bremer,GSMASASSSQKGKSGSGNFGGGKGGGFGGNDNFGKGGNFSGKGGFGGSKGGGGYGGSGDGYNGFGNDGSNFGGGGSYNDFGNYNNQSSNFGPMKGGNFGGKSSGGSGGGGQYFAKPKNQGGYGGSSSSSSYGSGKKF,137,150,7.0,25,2.849,2.883381638,-0.23390317
hnRNPA1_(A1-LCD),-12F+12Y-10R,Bremer,GSMASASSSQGGSSGSGNYGGGGGGGYGGNDNYGGGGNYSGSGGYGGSGGGGGYGGSGDGYNGYGNDGSNYGGGGSYNDYGNYNNQSSNYGPMKGGNYGGSSSGPYGGGGQYYAKPGNQGGYGGSSSSSSYGSGGGY,137,150,7.0,25,2.607,2.624120722,-0.28584272
hnRNPA1_(A1-LCD),-10F+7R+12D,Bremer,GSMASADSSQRDRDDRGNFGDGRGGGGGGNDNFGRGGNGSDRGGGGGSRGDGRYGGDGDRYNGGGNDGRNGGGGGSYNDGGNYNNQSSNGDPMKGGNGRDRSSGPYDRGGQYGAKPRNQGGYGGSSSSRSYGSDRRG,137,150,7.0,25,2.86,2.808875725,-0.16749647
pNT,pNT,Riback,DWNNQSIVKTGERQHGIHIQGSDPGGVRTASGTTIKVSGRQAQGILLENPAAELQFRNGSVTSSGQLSDDGIRRFLGTVTVKAGKLVADHATLANVGDTWDDDGIALYVAGEQAQASIADSTLQGAGGVQIERGANVTVQRSAIVDGGLHIGALQSLQPEDLPPSRVVLRDTNVTAVPASGAPAAVSVLGASELTLDGGHITGGRAAGVAAMQGAVVHLQRATIRRGDALAGGAVPGGAVPGGAVPGGFGPGGFGPVLDGWYGVDVSGSSVELAQSIVEAPELGAAIRVGRGARVTVPGGSLSAPHGNVIETGGARRFAPQAAPLSITLQAGAH,334,150,7.5,25,5.11,5.000444014,-0.046264842
fHua,fHua,Riback,ESAWGPAATIAARQSATGTKTDTPIQKVPQSISVVTAEEMALHQPKSVKEALSYTPGVSVGTRGASNTYDHLIIRGFAAEGQSQNNYLNGLKLQGNFYNDAVIDPYMLERAEIMRGPVSVLYGKSSPGGLLNMVSKRPTTEPL,143,150,7.5,25,3.34,3.288455309,0.08028786
RNasea,RNasea,Riback,KETAAAKFERQHMDSSTSAASSSNYCNQMMKSRNLTKDRCKPVNTFVHESLADVQAVCSQKNVACKDGQTNCYQSYSTMSITDCRETGSSKYPNCAYKTTQANKHIIVACEGNPYVPVHFDASV,124,150,7.5,25,3.36,3.182804126,0.16724284
tau,ht40,Mylonas,MAEPRQEFEVMEDHAGTYGLGDRKDQGGYTMHQDQEGDTDAGLKESPLQTPTEDGSEEPGSETSDAKSTPTAEDVTAPLVDEGAPGKQAAAQPHTEIPEGTTAEEAGIGDTPSLEDEAAGHVTQARMVSKSKDGTGSDDKKAKGADGKTKIATPRGAAPPGQKGQANATRIPAKTPPAPKTPPSSGEPPKSGDRSGYSSPGSPGTPGSRSRTPSLPTPPTREPKKVAVVRTPPKSPSSAKSRLQTAPVPMPDLKNVKSKIGSTENLKHQPGGGKVQIINKKLDLSNVQSKCGSKDNIKHVPGGGSVQIVYKPVDLSKVTSKCGSLGNIHHKPGGGQVEVKSEKLDFKDRVQSKIGSLDNITHVPGGGNKKIETHKLTFRENAKAKTDHGAEIVYKSPVVSGDTSPRHLSNVSSTGSIDMVDSPQLATLADEVSASLAKQGL,441,150,7.4,15,6.5,6.181000307,0.08360584
tau,K32,Mylonas,SSPGSPGTPGSRSRTPSLPTPPTREPKKVAVVRTPPKSPSSAKSRLQTAPVPMPDLKNVKSKIGSTENLKHQPGGGKVQIINKKLDLSNVQSKCGSKDNIKHVPGGGSVQIVYKPVDLSKVTSKCGSLGNIHHKPGGGQVEVKSEKLDFKDRVQSKIGSLDNITHVPGGGNKKIETHKLTFRENAKAKTDHGAEIVY,197,150,7.4,15,4.2,4.320015395,-0.07681902
tau,K16,Mylonas,SSPGSPGTPGSRSRTPSLPTPPTREPKKVAVVRTPPKSPSSAKSRLQTAPVPMPDLKNVKSKIGSTENLKHQPGGGKVQIINKKLDLSNVQSKCGSKDNIKHVPGGGSVQIVYKPVDLSKVTSKCGSLGNIHHKPGGGQVEVKSEKLDFKDRVQSKIGSLDNITHVPGGGNKKIE,175,150,7.4,15,3.9,4.124442757,-0.08814843
tau,K18,Mylonas,QTAPVPMPDLKNVKSKIGSTENLKHQPGGGKVQIINKKLDLSNVQSKCGSKDNIKHVPGGGSVQIVYKPVDLSKVTSKCGSLGNIHHKPGGGQVEVKSEKLDFKDRVQSKIGSLDNITHVPGGGNKKIE,129,150,7.4,15,3.8,3.461192152,0.12808333
tau,ht23,Mylonas,MAEPRQEFEVMEDHAGTYGLGDRKDQGGYTMHQDQEGDTDAGLKAEEAGIGDTPSLEDEAAGHVTQARMVSKSKDGTGSDDKKAKGADGKTKIATPRGAAPPGQKGQANATRIPAKTPPAPKTPPSSGEPPKSGDRSGYSSPGSPGTPGSRSRTPSLPTPPTREPKKVAVVRTPPKSPSSAKSRLQTAPVPMPDLKNVKSKIGSTENLKHQPGGGKVQIVYKPVDLSKVTSKCGSLGNIHHKPGGGQVEVKSEKLDFKDRVQSKIGSLDNITHVPGGGNKKIETHKLTFRENAKAKTDHGAEIVYKSPVVSGDTSPRHLSNVSSTGSIDMVDSPQLATLADEVSASLAKQGL,352,150,7.4,15,5.3,5.717470647,0.04805489
tau,K27,Mylonas,SPGSPGTPGSRSRTPSLPTPPTREPKKVAVVRTPPKSPSSAKSRLQTAPVPMPDLKNVKSKIGSTENLKHQPGGGKVQIVYKPVDLSKVTSKCGSLGNIHHKPGGGQVEVKSEKLDFKDRVQSKIGSLDNITHVPGGGNKKIETHKLTFRENAKAKTDHGAEIVY,165,150,7.4,15,3.7,3.957930324,-0.06621514
tau,K17,Mylonas,SPGSPGTPGSRSRTPSLPTPPTREPKKVAVVRTPPKSPSSAKSRLQTAPVPMPDLKNVKSKIGSTENLKHQPGGGKVQIVYKPVDLSKVTSKCGSLGNIHHKPGGGQVEVKSEKLDFKDRVQSKIGSLDNITHVPGGGNKKIE,143,150,7.4,15,3.6,3.700929003,-0.084508374
tau,K19,Mylonas,QTAPVPMPDLKNVKSKIGSTENLKHQPGGGKVQIVYKPVDLSKVTSKCGSLGNIHHKPGGGQVEVKSEKLDFKDRVQSKIGSLDNITHVPGGGNKKIE,98,150,7.4,15,3.5,2.955708005,0.17149426
tau,K44,Mylonas,MAEPRQEFEVMEDHAGTYGLGDRKDQGGYTMHQDQEGDTDAGLKAEEAGIGDTPSLEDEAAGHVTQARMVSKSKDGTGSDDKKAKGADGKTKIATPRGAAPPGQKGQANATRIPAKTPPAPKTPPSSGEPPKSGDRSGYSSPGSPGTPGSRSRTPSLPTPPTREPKKVAVVRTPPKSPSSAKSRLQTAPVPMPDLKNVKSKIGSTENLKHQPGGGKVQIVYKPVDLSKVTSKCGSLGNIHHKPGGGQVEVKSEKLDFKDRVQSKIGSLDNITHVPGGGNKKIE,283,150,7.4,15,5.2,5.072666156,0.007707132
tau,K10,Mylonas,QTAPVPMPDLKNVKSKIGSTENLKHQPGGGKVQIVYKPVDLSKVTSKCGSLGNIHHKPGGGQVEVKSEKLDFKDRVQSKIGSLDNITHVPGGGNKKIETHKLTFRENAKAKTDHGAEIVYKSPVVSGDTSPRHLSNVSSTGSIDMVDSPQLATLADEVSASLAKQGL,167,150,7.4,15,4.0,3.865354564,0.18579094
tau,K25,Mylonas,MAEPRQEFEVMEDHAGTYGLGDRKDQGGYTMHQDQEGDTDAGLKAEEAGIGDTPSLEDEAAGHVTQARMVSKSKDGTGSDDKKAKGADGKTKIATPRGAAPPGQKGQANATRIPAKTPPAPKTPPSSGEPPKSGDRSGYSSPGSPGTPGSRSRTPSLPTPPTREPKKVAVVRTPPKSPSSAKSRL,185,150,7.4,15,4.1,3.914059813,0.0866615
tau,K23,Mylonas,MAEPRQEFEVMEDHAGTYGLGDRKDQGGYTMHQDQEGDTDAGLKAEEAGIGDTPSLEDEAAGHVTQARMVSKSKDGTGSDDKKAKGADGKTKIATPRGAAPPGQKGQANATRIPAKTPPAPKTPPSSGEPPKSGDRSGYSSPGSPGTPGSRSRTPSLPTPPTREPKKVAVVRTPPKSPSSAKSRLTHKLTFRENAKAKTDHGAEIVYKSPVVSGDTSPRHLSNVSSTGSIDMVDSPQLATLADEVSASLAKQGL,254,150,7.4,15,4.9,4.567234787,0.10713528
ACTR,ACTR,Kjaergaard,EQVSHGTQNRPLLRNSLDDLVGPPSNLEGQSDERALLDQLHTLLSNTDATGLEEIDRALGIPELVNQGQAL,71,200,7.4,5,2.63,2.348116852,-0.023581075
hNHE1cdt,hNHE1cdt,Kjaergaard,INNYLTVPAHKLDSPTMSRARIGSDPLAYEPKEDLPVITIDPASPQSPESVDLVNEELKGKVLGLSRDPAKVAEEDEDDDGGIMMRSKETSSPGTDDVFTPAPSDSPSSQRIQRCLSDPGPHPEPGEGEPFFPKGQ,136,200,7.4,5,3.75,3.309963467,-0.13009122
sic1,sic1,Gomes,GSMTPSTPPRSRGTRYLAQPSGNTSSSALMQGQKTPQKPSQNLVPVTPSTTKSFKNAPLLAPPNSNMGMTSPFNGLTSPQRSPFPKSSVKRT,92,200,7.5,20,3.0,2.753155449,-0.10162979
p15PAF,p15PAF,De Biasio,MVRTKADSVPGTYRKVVAARAPRKVLGSSTSATNSTSVSSRKAENKYAGGNPVCVRPTPKWQKGIGEFFRLSPKDSEKENQIPEEAGSSGLGKAKRKACPLQPDHTNDEKE,111,150,7.0,25,2.81,2.883730178,-0.05214207
alphaSyn,alphaSyn,Ahmed,MDVFMKGLSKAKEGVVAAAEKTKQGVAEAAGKTKEGVLYVGSKTKEGVVHGVATVAEKTKEQVTNVGGAVVTGVTAVAQKTVEGAGSIAAATGFVKKDQLGKNEEGAPQEGILEDMPVDPDNEAYEMPSEEGYQDYEPEA,140,200,7.4,20,3.55,3.650767716,0.22115915
OPN220,OPN220,Platzer,MHQDHVDSQSQEHLQQTQNDLASLQQTHYSSEENADVPEQPDFPDVPSKSQETVDDDDDDDNDSNDTDESDEVFTDFPTEAPVAPFNRGDNAGRGDSVAYGFRAKAHVVKASKIRKAARKLIEDDATTEDGDSQPAGLWWPKESREQNSRELPQHQSVENDSRPKFDSREVDGGDSKASAGVDSRESQGSVPAVDASNQTLESAEDAEDRHSIENNEVTR,220,150,6.5,25,5.13,4.196087874,-0.52987176
IN,IN,Hofmann,GSHCFLDGIDKAQEEHEKYHSNWRAMASDFNLPPVVAKEIVASCDKCQLKGEAMHGQVDC,60,100,7.0,22,2.221,2.212767227,0.19296344
R15,R15,Hofmann,KLKEANKQQNFNTGIKDFDFWLSEVEALLASEDYGKDLCSVNNLLKKHQLLEADISAHEDRLKDLNSQADSLMTSSAFDTSQVKDKRETINGRFQRIKCMAAARRAKLNESHRL,114,100,7.0,22,2.612,2.86574043,0.15593176
ProTα-N,ProTa-N,Hofmann,CDAAVDTSSEITTKDLKEKKEVVEEAENGRDAPANGNANEENGEQEADNEVDEEC,55,100,7.0,22,2.549,2.519264356,-0.5270907
ProTα-C,ProTa-C,Hofmann,CEEGGEEEEEEEEGDGEEEDGDEDEEAESATGKRAAEDDEDDDVDTKKQKTDEDC,55,100,7.0,22,2.998,3.3869979,-2.1427064
hCyp,hCyp,Hofmann,GPMCNPTVFFDIAVDGEPLGRVSFELFADKVPKTAENFRALSTGEKGFGYKGSSFHRIIPGFMSQGGDFTRHNGTGGKSIYGEKFEDENFILKHTGPGILSMANAGPNTNGSQFFISTAKTEFLDGKHVVFGKVKEGMNIVEAMERFGSRNGKTSKKITIADSGQLC,167,75,7.0,22,2.534,3.455838139,0.0024694633
ACTR,ACTR,Borgia,GPSGTQNRPLLRNSLDDLVGPPSNLEGQSDERALLDQLHTLLSNTDATGLEEIDRALGIPELVNQGQALEPKQDSGGPR,79,100,7.0,25,2.51,2.49971119,0.03898625
R17d,R17d,Borgia,GSRLEESLEYQQFVANVEEEEAWINEKMTLVASEDYGDTLAAIQGLLKKHEAFETDFTVHKDRVNDVAANGEDLIKKNNHHVENITAKMKGAKGKVSDLEKAAAQRKAKLDENSAFLQ,118,100,7.0,25,2.817,2.964929957,0.13355108
sh4ud,LL,Shrestha,MGSNKSKPKDASQRRRSLEPAENVHGAGGGAFPASQTPSKPASADGHRGPSAAFAPAAAEPKLFGGFNSSDTVTSPQRAGPLAGGSAWSHPQFEK,95,200,8.0,25,2.71,2.652345841,0.07127841
colNT,LL,Johnson,MGSNGADNAHNNAFGGGKNPGIGNTSGAGSNGSASSNRGNSNGWSWSNKPHKNDGFHSDGSYHITFHGDNNSKPKPGGNSGNRGNNGDGASSHHHHHH,98,400,7.6,25,2.83,2.617435651,0.0075647365
PNt,PNt,Bowman,DWNNQSIVKTGERQHGIHIQGSDPGGVRTASGTTIKVSGRQAQGILLENPAAELQFRNGSVTSSGQLSDDGIRRFLGTVTVKAGKLVADHATLANVGDTWDDDGIALYVAGEQAQASIADSTLQGAGGVQIERGANVTVQRSAIVDGGLHIGALQSLQPEDLPPSRVVLRDTNVTAVPASGAPAAVSVLGASELTLDGGHITGGRAAGVAAMQGAVVHLQRATIRRGEALAGGAVPGGAVPGGAVPGGFGPGGFGPVLDGWYGVDVSGSSVELAQSIVEAPELGAAIRVGRGARVTVPGGSLSAPHGNVIETGGARRFAPQAAPLSITLQAGAH,334,150,7.5,25,5.11,5.002265334,-0.043667927
PNt,swap1,Bowman,DWNNQSIVKTGERQHGIHIQGSDPGGVRTASGTTIKVSGRQAQGILLENPAAELQFRNGSVTSSGQKSDDGIRRFLGTVTVLAGKLVADHATLANVGDTWDDDGIALYVAGEQAQASIADSTLQGAGGVQIERGANVTVQRSAIVLGGLHIGALQSLQPEDDPPSRVVLRDTNVTAVPASGAPAAVSVLGASLLTLDGGHITGGRAAGVAAMQGAVVHEQRATIRRGEALAGGAVPGGAVPGGAVPGGFGPGGFGPVLDGWYGVDVSGSSVELAQSIVEAPELGAAIRVGRGARVTVPGGSLSAPHGNVIETGGARRFAPQAAPLSITLQAGAH,334,150,7.5,25,4.92,4.998767173,-0.041700497
PNt,swap3,Bowman,DWNNQSIVKTGERQHGIHIQGSDPGGVRTASGTTIKVSGRQAQGILLENPAAELQFRNGSVTSSGQKSTDGTRRFLGDVIVKAGLLVADHATLANVGDTWDDDGIALYVAGEQAQASIADSTLQGAGGVQIERGANVDVLRLAIVDGGLHIGALQSQQPETSPPSRVVLRDTNVTAVPASGAPAAVSVQGASEQTLDGGAITGGRAAGVAAMLGHVVHLLRATIRRGEALAGGAVPGGAVPGGAVPGGFGPGGFGPVLDGWYGVDVSGSSVELAQSIVEAPELGAAIRVGRGARVTVPGGSLSAPHGNVIETGGARRFAPQAAPLSITLQAGAH,334,150,7.5,25,4.058,5.024235918,-0.030256333
PNt,swap4,Bowman,DWNNQSIVKTGERQHGIHIQGSDPGGVRTASGTTIKVSGRQAQGILLENPAAELQFRNGSVTSSGQLSFVGITRDLGRDTVKAGKLVADHATLANVGDTWDDDGIALYVAGEQAQASIADSTLQGAGGVQIERGADVRVQREAIVDGGLHNGALQSLQPSILPPSTVVLRDTNVTAVPASGAPAAVLVSGASGLRLDGGHIHEGRAAGVAAMQGAVVTLQTATIRRGEALAGGAVPGGAVPGGAVPGGFGPGGFGPVLDGWYGVDVSGSSVELAQSIVEAPELGAAIRVGRGARVTVPGGSLSAPHGNVIETGGARRFAPQAAPLSITLQAGAH,334,150,7.5,25,5.337,5.080732149,-0.011465641
PNt,swap4.1,Bowman,DWNNQSIVKTGERQHGIHIQGSDPGGVRTASGTTIKVSGRQAQGILLENPAAELQFRNGSVTSSGQLSFVGITRRLGDDTVKAGKLVADHATLANVGDTWDDDGIALYVAGEQAQASIADSTLQGAGGVQIERGADVEVQRRAIVDGGLHNGALQSLQPSILPPSTVVLRDTNVTAVPASGAPAAVLVSGASGLELDGGHIHRGRAAGVAAMQGAVVTLQTATIRRGEALAGGAVPGGAVPGGAVPGGFGPGGFGPVLDGWYGVDVSGSSVELAQSIVEAPELGAAIRVGRGARVTVPGGSLSAPHGNVIETGGARRFAPQAAPLSITLQAGAH,334,150,7.5,25,5.445,5.005591773,-0.04429303
PNt,swap5,Bowman,DWNNQSIVKTGERQHGIHIQGSDPGGVRTASGTTIKVSGRQAQGILLENPAAELQFRNGSVTSSGQLSDDGIEDFLGTVTVDAGELVADHATLANVGDTWDDDGIALYVAGEQAQASIADSTLQGAGGVQIEDGANVTVQESAIVDGGLHIGALQSLQPRRLPPSRVVLRKTNVTAVPASGAPAAVSVLGASKLTLRGGHITGGRAAGVAAMQGAVVHLQRATIRRGRALAGGAVPGGAVPGGAVPGGFGPGGFGPVLDGWYGVDVSGSSVELAQSIVEAPELGAAIRVGRGARVTVPGGSLSAPHGNVIETGGARRFAPQAAPLSITLQAGAH,334,150,7.5,25,4.871,4.760132157,-0.09892239
PNt,swap6,Bowman,DWNNQSIVKTGERQHGIHIQGSDPGGVRTASGTTIKVSGRQAQGILLENPAAELQFRNGSVTSSGQLSDRGIDRFLGTVTVEAGKLVADHATLANVGDTWDKDGIALYVAGRQAQASIADSTLQGAGGVQIREGANVTVQRSAIVDGGLHIGALQSLQPERLPPSDVVLRDTNVTAVPASGAPAAVSVLGASRLTLDGGHITGGDAAGVAAMQGAVVHLQRATIERGEALAGGAVPGGAVPGGAVPGGFGPGGFGPVLDGWYGVDVSGSSVELAQSIVEAPELGAAIRVGRGARVTVPGGSLSAPHGNVIETGGARRFAPQAAPLSITLQAGAH,334,150,7.5,25,5.261,5.117488247,0.0033773314
