protein,varient_name,paper,Sequence,N,salt,pH,temp,Rg[nm],Rg_av_pred
hnRNPA1,WT,Martin,GSMASASSSQRGRSGSGNFGGGRGGGFGGNDNFGRGGNFSGRGGFGGSRGGGGYGGSGDGYNGFGNDGSNFGGGGSYNDFGNYNNQSSNFGPMKGGNFGGRSSGGSGGGGQYFAKPRNQGGYGGSSSSSSYGSGRRF,137,50,7,23,2.72,2.77954575
hnRNPA2,Aro-,Martin,GSMAFASSFQRGRYGSGNFGGGRGGGFGGNDNFGRGGNFSGRGGFGGSRGGGGYGGSGDGYNGFGNDGSNFGGGGSYNDFGNYNNQSSNFGPMKGGNFGGRSSGGSYGGGQYFAKPRNQGGYGGSSFSSSYGSGRRF,137,50,7,23,2.89,2.694002975
hnRNPA3,Aro--,Martin,GSMASASSSQRGRSGSGNSGGGRGGGFGGNDNFGRGGNSSGRGGFGGSRGGGGYGGSGDGYNGFGNDGSNSGGGGSSNDFGNYNNQSSNFGPMKGGNFGGRSSGGSGGGGQYSAKPRNQGGYGGSSSSSSSGSGRRF,137,50,7,23,3.01,2.886092558
hnRNPA4,Aro+,Martin,GSMASASSSQRGRSGSGNSGGGRGGGFGGNDNSGRGGNSSGRGGFGGSRGGGGSGGSGDGYNGSGNDGSNSGGGGSSNDFGNSNNQSSNSGPMKGGNFGGRSSGGSGGGGQYSAKPRNQGGSGGSSSSSSSGSGRRS,137,50,7,23,2.44,3.011271692
hnRNPA1_(A1-LCD),WT-NLS,Bremer,GSMASASSSQRGRSGSGNFGGGRGGGFGGNDNFGRGGNFSGRGGFGGSRGGGGYGGSGDGYNGFGNDGSNFGGGGSYNDFGNYNNQSSNFGPMKGGNFGGRSSGGSGGGGQYFAKPRNQGGYGGSSSSSSYGSGRRF,137,150,7,25,2.76,2.667853665
hnRNPA1_(A1-LCD),WT+NLS,Bremer,GSMASASSSQRGRSGSGNFGGGRGGGFGGNDNFGRGGNFSGRGGFGGSRGGGGYGGSGDGYNGFGNDGSNFGGGGSYNDFGNYNNQSSNFGPMKGGNFGGRSSGPYGGGGQYFAKPRNQGGYGGSSSSSSYGSGRRF,137,150,7,25,2.583,2.665065329
hnRNPA1_(A1-LCD),-12F+12Y,Bremer,GSMASASSSQRGRSGSGNYGGGRGGGYGGNDNYGRGGNYSGRGGYGGSRGGGGYGGSGDGYNGYGNDGSNYGGGGSYNDYGNYNNQSSNYGPMKGGNYGGRSSGGSGGGGQYYAKPRNQGGYGGSSSSSSYGSGRRY,137,150,7,25,2.604,2.593430947
hnRNPA1_(A1-LCD),+7F-7Y,Bremer,GSMASASSSQRGRSGSGNFGGGRGGGFGGNDNFGRGGNFSGRGGFGGSRGGGGFGGSGDGFNGFGNDGSNFGGGGSFNDFGNFNNQSSNFGPMKGGNFGGRSSGGSGGGGQFFAKPRNQGGFGGSSSSSSFGSGRRF,137,150,7,25,2.718,2.72649201
hnRNPA1_(A1-LCD),-9F+6Y,Bremer,GSMASASSSQRGRSGSGNFGGGRGGGYGGNDNYGRGGNYSGRGGFGGSRGGGGYGGSGDGYNGGGNDGSNYGGGGSYNDSGNYNNQSSNFGPMKGGNYGGRSSGGSGGGGQYGAKPRNQGGYGGSSSSSSYGSGRRY,137,150,7,25,2.655,2.67330763
hnRNPA1_(A1-LCD),-8F+4Y,Bremer,GSMASASSSQRGRSGSGNFGGGRGGGYGGNDNGGRGGNYSGRGGFGGSRGGGGYGGSGDGYNGGGNDGSNYGGGGSYNDSGNYNNQSSNFGPMKGGNYGGRSSGGSGGGGQYGAKPRNQGGYGGSSSSSSYGSGRRF,137,150,7,25,2.707,2.69069985
hnRNPA1_(A1-LCD),-9F+3Y,Bremer,GSMASASSSQRGRSGSGNFGGGRGGGYGGNDNGGRGGNYSGRGGFGGSRGGGGYGGSGDGYNGGGNDGSNYGGGGSYNDSGNGNNQSSNFGPMKGGNYGGRSSGGSGGGGQYGAKPRNQGGYGGSSSSSSYGSGRRS,137,150,7,25,2.683,2.720835079
hnRNPA1_(A1-LCD),-10R,Bremer,GSMASASSSQGGSSGSGNFGGGGGGGFGGNDNFGGGGNFSGSGGFGGSGGGGGYGGSGDGYNGFGNDGSNFGGGGSYNDFGNYNNQSSNFGPMKGGNFGGSSSGPYGGGGQYFAKPGNQGGYGGSSSSSSYGSGGGF,137,150,7,25,2.671,2.698054512
hnRNPA1_(A1-LCD),-6R,Bremer,GSMASASSSQGGRSGSGNFGGGRGGGFGGNDNFGGGGNFSGSGGFGGSRGGGGYGGSGDGYNGFGNDGSNFGGGGSYNDFGNYNNQSSNFGPMKGGNFGGSSSGPYGGGGQYFAKPGNQGGYGGSSSSSSYGSGGRF,137,150,7,25,2.573,2.647302437
hnRNPA1_(A1-LCD),+7R,Bremer,GSMASASSSQRGRSGRGNFGGGRGGGFGGNDNFGRGGNFSGRGGFGGSRGGGRYGGSGDRYNGFGNDGRNFGGGGSYNDFGNYNNQSSNFGPMKGGNFRGRSSGPYGRGGQYFAKPRNQGGYGGSSSSRSYGSGRRF,137,150,7,25,2.709,2.8897102
hnRNPA1_(A1-LCD),-3R+3K,Bremer,GSMASASSSQRGKSGSGNFGGGRGGGFGGNDNFGRGGNFSGRGGFGGSKGGGGYGGSGDGYNGFGNDGSNFGGGGSYNDFGNYNNQSSNFGPMKGGNFGGRSSGGSGGGGQYFAKPRNQGGYGGSSSSSSYGSGRKF,137,150,7,25,2.634,2.734381901
hnRNPA1_(A1-LCD),-6R+6K,Bremer,GSMASASSSQKGKSGSGNFGGGRGGGFGGNDNFGKGGNFSGRGGFGGSKGGGGYGGSGDGYNGFGNDGSNFGGGGSYNDFGNYNNQSSNFGPMKGGNFGGKSSGGSGGGGQYFAKPRNQGGYGGSSSSSSYGSGRKF,137,150,7,25,2.787,2.794997238
hnRNPA1_(A1-LCD),-4D,Bremer,GSMASASSSQRGRSGSGNFGGGRGGGFGGNGNFGRGGNFSGRGGFGGSRGGGGYGGSGGGYNGFGNSGSNFGGGGSYNGFGNYNNQSSNFGPMKGGNFGGRSSGPYGGGGQYFAKPRNQGGYGGSSSSSSYGSGRRF,137,150,7,25,2.642,2.808935655
hnRNPA1_(A1-LCD),+4D,Bremer,GSMASASSSQRDRSGSGNFGGGRGGGFGGNDNFGRGGNFSGRGDFGGSRGGGGYGGSGDGYNGFGNDGSNFGGGGSYNDFGNYNNQSSNFGPMKGGNFGGRSSDPYGGGGQYFAKPRNQGGYGGSSSSSSYDSGRRF,137,150,7,25,2.718,2.660307676
hnRNPA1_(A1-LCD),+8D,Bremer,GSMASASSSQRDRSGSGNFGGGRDGGFGGNDNFGRGDNFSGRGDFGGSRDGGGYGGSGDGYNGFGNDGSNFGGGGSYNDFGNYNNQSSNFGPMKGGNFGGRSSDPYGGGGQYFAKPRNQDGYGGSSSSSSYDSGRRF,137,150,7,25,2.685,2.700351745
hnRNPA1_(A1-LCD),+12D,Bremer,GSMASADSSQRDRDDSGNFGDGRGGGFGGNDNFGRGGNFSDRGGFGGSRGDGGYGGDGDGYNGFGNDGSNFGGGGSYNDFGNYNNQSSNFDPMKGGNFGDRSSGPYDGGGQYFAKPRNQGGYGGSSSSSSYGSDRRF,137,150,7,25,2.801,2.73413
hnRNPA1_(A1-LCD),+12E,Bremer,GSMASAESSQREREESGNFGEGRGGGFGGNDNFGRGGNFSERGGFGGSRGEGGYGGEGDGYNGFGNDGSNFGGGGSYNDFGNYNNQSSNFEPMKGGNFGERSSGPYEGGGQYFAKPRNQGGYGGSSSSSSYGSERRF,137,150,7,25,2.852,2.765836221
hnRNPA1_(A1-LCD),+7K+12D,Bremer,GSMASADSSQRDRDDKGNFGDGRGGGFGGNDNFGRGGNFSDRGGFGGSRGDGKYGGDGDKYNGFGNDGKNFGGGGSYNDFGNYNNQSSNFDPMKGGNFKDRSSGPYDKGGQYFAKPRNQGGYGGSSSSKSYGSDRRF,137,150,7,25,2.921,2.864720166
hnRNPA1_(A1-LCD),+7K+12D_blocky,Bremer,GSMASAKSSQRDRDDDGNFGKGRGGGFGGNKNFGRGGNFSKRGGFGGSRGKGKYGGKGDDYNGFGNDGDNFGGGGSYNDFGNYNNQSSNFDPMDGGNFDDRSSGPYDDGGQYFADPRNQGGYGGSSSSKSYGSKRRF,137,150,7,25,2.562,2.595524581
hnRNPA1_(A1-LCD),+2R,Bremer,GSMASASSSQRGRSGSGNFGGGRGGGFGGNDNFGRGGNFSGRGGFGGSRGGGGYGGSGDGYNGFRNDGSNFGGGGRYNDFGNYNNQSSNFGPMKGGNFGGRSSGPYGGGGQYFAKPRNQGGYGGSSSSSSYGSGRRF,137,150,7,25,2.623,2.74310832
hnRNPA1_(A1-LCD),-10R+10K,Bremer,GSMASASSSQKGKSGSGNFGGGKGGGFGGNDNFGKGGNFSGKGGFGGSKGGGGYGGSGDGYNGFGNDGSNFGGGGSYNDFGNYNNQSSNFGPMKGGNFGGKSSGGSGGGGQYFAKPKNQGGYGGSSSSSSYGSGKKF,137,150,7,25,2.849,2.883381638
hnRNPA1_(A1-LCD),-12F+12Y-10R,Bremer,GSMASASSSQGGSSGSGNYGGGGGGGYGGNDNYGGGGNYSGSGGYGGSGGGGGYGGSGDGYNGYGNDGSNYGGGGSYNDYGNYNNQSSNYGPMKGGNYGGSSSGPYGGGGQYYAKPGNQGGYGGSSSSSSYGSGGGY,137,150,7,25,2.607,2.624120722
hnRNPA1_(A1-LCD),-10F+7R+12D,Bremer,GSMASADSSQRDRDDRGNFGDGRGGGGGGNDNFGRGGNGSDRGGGGGSRGDGRYGGDGDRYNGGGNDGRNGGGGGSYNDGGNYNNQSSNGDPMKGGNGRDRSSGPYDRGGQYGAKPRNQGGYGGSSSSRSYGSDRRG,137,150,7,25,2.86,2.808875725
pNT,pNT,Riback,DWNNQSIVKTGERQHGIHIQGSDPGGVRTASGTTIKVSGRQAQGILLENPAAELQFRNGSVTSSGQLSDDGIRRFLGTVTVKAGKLVADHATLANVGDTWDDDGIALYVAGEQAQASIADSTLQGAGGVQIERGANVTVQRSAIVDGGLHIGALQSLQPEDLPPSRVVLRDTNVTAVPASGAPAAVSVLGASELTLDGGHITGGRAAGVAAMQGAVVHLQRATIRRGDALAGGAVPGGAVPGGAVPGGFGPGGFGPVLDGWYGVDVSGSSVELAQSIVEAPELGAAIRVGRGARVTVPGGSLSAPHGNVIETGGARRFAPQAAPLSITLQAGAH,334,150,7.5,25,5.11,5.000444014
fHua,fHua,Riback,ESAWGPAATIAARQSATGTKTDTPIQKVPQSISVVTAEEMALHQPKSVKEALSYTPGVSVGTRGASNTYDHLIIRGFAAEGQSQNNYLNGLKLQGNFYNDAVIDPYMLERAEIMRGPVSVLYGKSSPGGLLNMVSKRPTTEPL,143,150,7.5,25,3.34,3.288455309
RNasea,RNasea,Riback,KETAAAKFERQHMDSSTSAASSSNYCNQMMKSRNLTKDRCKPVNTFVHESLADVQAVCSQKNVACKDGQTNCYQSYSTMSITDCRETGSSKYPNCAYKTTQANKHIIVACEGNPYVPVHFDASV,124,150,7.5,25,3.36,3.182804126
tau,ht40,Mylonas,MAEPRQEFEVMEDHAGTYGLGDRKDQGGYTMHQDQEGDTDAGLKESPLQTPTEDGSEEPGSETSDAKSTPTAEDVTAPLVDEGAPGKQAAAQPHTEIPEGTTAEEAGIGDTPSLEDEAAGHVTQARMVSKSKDGTGSDDKKAKGADGKTKIATPRGAAPPGQKGQANATRIPAKTPPAPKTPPSSGEPPKSGDRSGYSSPGSPGTPGSRSRTPSLPTPPTREPKKVAVVRTPPKSPSSAKSRLQTAPVPMPDLKNVKSKIGSTENLKHQPGGGKVQIINKKLDLSNVQSKCGSKDNIKHVPGGGSVQIVYKPVDLSKVTSKCGSLGNIHHKPGGGQVEVKSEKLDFKDRVQSKIGSLDNITHVPGGGNKKIETHKLTFRENAKAKTDHGAEIVYKSPVVSGDTSPRHLSNVSSTGSIDMVDSPQLATLADEVSASLAKQGL,441,150,7.4,15,6.5,6.181000307
tau,K32,Mylonas,SSPGSPGTPGSRSRTPSLPTPPTREPKKVAVVRTPPKSPSSAKSRLQTAPVPMPDLKNVKSKIGSTENLKHQPGGGKVQIINKKLDLSNVQSKCGSKDNIKHVPGGGSVQIVYKPVDLSKVTSKCGSLGNIHHKPGGGQVEVKSEKLDFKDRVQSKIGSLDNITHVPGGGNKKIETHKLTFRENAKAKTDHGAEIVY,197,150,7.4,15,4.2,4.320015395
tau,K16,Mylonas,SSPGSPGTPGSRSRTPSLPTPPTREPKKVAVVRTPPKSPSSAKSRLQTAPVPMPDLKNVKSKIGSTENLKHQPGGGKVQIINKKLDLSNVQSKCGSKDNIKHVPGGGSVQIVYKPVDLSKVTSKCGSLGNIHHKPGGGQVEVKSEKLDFKDRVQSKIGSLDNITHVPGGGNKKIE,175,150,7.4,15,3.9,4.124442757
tau,K18,Mylonas,QTAPVPMPDLKNVKSKIGSTENLKHQPGGGKVQIINKKLDLSNVQSKCGSKDNIKHVPGGGSVQIVYKPVDLSKVTSKCGSLGNIHHKPGGGQVEVKSEKLDFKDRVQSKIGSLDNITHVPGGGNKKIE,129,150,7.4,15,3.8,3.461192152
tau,ht23,Mylonas,MAEPRQEFEVMEDHAGTYGLGDRKDQGGYTMHQDQEGDTDAGLKAEEAGIGDTPSLEDEAAGHVTQARMVSKSKDGTGSDDKKAKGADGKTKIATPRGAAPPGQKGQANATRIPAKTPPAPKTPPSSGEPPKSGDRSGYSSPGSPGTPGSRSRTPSLPTPPTREPKKVAVVRTPPKSPSSAKSRLQTAPVPMPDLKNVKSKIGSTENLKHQPGGGKVQIVYKPVDLSKVTSKCGSLGNIHHKPGGGQVEVKSEKLDFKDRVQSKIGSLDNITHVPGGGNKKIETHKLTFRENAKAKTDHGAEIVYKSPVVSGDTSPRHLSNVSSTGSIDMVDSPQLATLADEVSASLAKQGL,352,150,7.4,15,5.3,5.717470647
tau,K27,Mylonas,SPGSPGTPGSRSRTPSLPTPPTREPKKVAVVRTPPKSPSSAKSRLQTAPVPMPDLKNVKSKIGSTENLKHQPGGGKVQIVYKPVDLSKVTSKCGSLGNIHHKPGGGQVEVKSEKLDFKDRVQSKIGSLDNITHVPGGGNKKIETHKLTFRENAKAKTDHGAEIVY,165,150,7.4,15,3.7,3.957930324
tau,K17,Mylonas,SPGSPGTPGSRSRTPSLPTPPTREPKKVAVVRTPPKSPSSAKSRLQTAPVPMPDLKNVKSKIGSTENLKHQPGGGKVQIVYKPVDLSKVTSKCGSLGNIHHKPGGGQVEVKSEKLDFKDRVQSKIGSLDNITHVPGGGNKKIE,143,150,7.4,15,3.6,3.700929003
tau,K19,Mylonas,QTAPVPMPDLKNVKSKIGSTENLKHQPGGGKVQIVYKPVDLSKVTSKCGSLGNIHHKPGGGQVEVKSEKLDFKDRVQSKIGSLDNITHVPGGGNKKIE,98,150,7.4,15,3.5,2.955708005
tau,K44,Mylonas,MAEPRQEFEVMEDHAGTYGLGDRKDQGGYTMHQDQEGDTDAGLKAEEAGIGDTPSLEDEAAGHVTQARMVSKSKDGTGSDDKKAKGADGKTKIATPRGAAPPGQKGQANATRIPAKTPPAPKTPPSSGEPPKSGDRSGYSSPGSPGTPGSRSRTPSLPTPPTREPKKVAVVRTPPKSPSSAKSRLQTAPVPMPDLKNVKSKIGSTENLKHQPGGGKVQIVYKPVDLSKVTSKCGSLGNIHHKPGGGQVEVKSEKLDFKDRVQSKIGSLDNITHVPGGGNKKIE,283,150,7.4,15,5.2,5.072666156
tau,K10,Mylonas,QTAPVPMPDLKNVKSKIGSTENLKHQPGGGKVQIVYKPVDLSKVTSKCGSLGNIHHKPGGGQVEVKSEKLDFKDRVQSKIGSLDNITHVPGGGNKKIETHKLTFRENAKAKTDHGAEIVYKSPVVSGDTSPRHLSNVSSTGSIDMVDSPQLATLADEVSASLAKQGL,167,150,7.4,15,4,3.865354564
tau,K25,Mylonas,MAEPRQEFEVMEDHAGTYGLGDRKDQGGYTMHQDQEGDTDAGLKAEEAGIGDTPSLEDEAAGHVTQARMVSKSKDGTGSDDKKAKGADGKTKIATPRGAAPPGQKGQANATRIPAKTPPAPKTPPSSGEPPKSGDRSGYSSPGSPGTPGSRSRTPSLPTPPTREPKKVAVVRTPPKSPSSAKSRL,185,150,7.4,15,4.1,3.914059813
tau,K23,Mylonas,MAEPRQEFEVMEDHAGTYGLGDRKDQGGYTMHQDQEGDTDAGLKAEEAGIGDTPSLEDEAAGHVTQARMVSKSKDGTGSDDKKAKGADGKTKIATPRGAAPPGQKGQANATRIPAKTPPAPKTPPSSGEPPKSGDRSGYSSPGSPGTPGSRSRTPSLPTPPTREPKKVAVVRTPPKSPSSAKSRLTHKLTFRENAKAKTDHGAEIVYKSPVVSGDTSPRHLSNVSSTGSIDMVDSPQLATLADEVSASLAKQGL,254,150,7.4,15,4.9,4.567234787
ACTR,ACTR,Kjaergaard,EQVSHGTQNRPLLRNSLDDLVGPPSNLEGQSDERALLDQLHTLLSNTDATGLEEIDRALGIPELVNQGQAL,71,200,7.4,5,2.63,2.348116852
hNHE1cdt,hNHE1cdt,Kjaergaard,INNYLTVPAHKLDSPTMSRARIGSDPLAYEPKEDLPVITIDPASPQSPESVDLVNEELKGKVLGLSRDPAKVAEEDEDDDGGIMMRSKETSSPGTDDVFTPAPSDSPSSQRIQRCLSDPGPHPEPGEGEPFFPKGQ,136,200,7.4,5,3.75,3.309963467
sic1,sic1,Gomes,GSMTPSTPPRSRGTRYLAQPSGNTSSSALMQGQKTPQKPSQNLVPVTPSTTKSFKNAPLLAPPNSNMGMTSPFNGLTSPQRSPFPKSSVKRT,92,200,7.5,20,3,2.753155449
p15PAF,p15PAF,De Biasio,MVRTKADSVPGTYRKVVAARAPRKVLGSSTSATNSTSVSSRKAENKYAGGNPVCVRPTPKWQKGIGEFFRLSPKDSEKENQIPEEAGSSGLGKAKRKACPLQPDHTNDEKE,111,150,7,25,2.81,2.883730178
alphaSyn,alphaSyn,Ahmed,MDVFMKGLSKAKEGVVAAAEKTKQGVAEAAGKTKEGVLYVGSKTKEGVVHGVATVAEKTKEQVTNVGGAVVTGVTAVAQKTVEGAGSIAAATGFVKKDQLGKNEEGAPQEGILEDMPVDPDNEAYEMPSEEGYQDYEPEA,140,200,7.4,20,3.55,3.650767716
OPN220,OPN220,Platzer,MHQDHVDSQSQEHLQQTQNDLASLQQTHYSSEENADVPEQPDFPDVPSKSQETVDDDDDDDNDSNDTDESDEVFTDFPTEAPVAPFNRGDNAGRGDSVAYGFRAKAHVVKASKIRKAARKLIEDDATTEDGDSQPAGLWWPKESREQNSRELPQHQSVENDSRPKFDSREVDGGDSKASAGVDSRESQGSVPAVDASNQTLESAEDAEDRHSIENNEVTR,220,150,6.5,25,5.13,4.196087874
IN,IN,Hofmann,GSHCFLDGIDKAQEEHEKYHSNWRAMASDFNLPPVVAKEIVASCDKCQLKGEAMHGQVDC,60,100,7,22,2.221,2.212767227
R15,R15,Hofmann,KLKEANKQQNFNTGIKDFDFWLSEVEALLASEDYGKDLCSVNNLLKKHQLLEADISAHEDRLKDLNSQADSLMTSSAFDTSQVKDKRETINGRFQRIKCMAAARRAKLNESHRL,114,100,7,22,2.612,2.86574043
ProTα-N,ProTa-N,Hofmann,CDAAVDTSSEITTKDLKEKKEVVEEAENGRDAPANGNANEENGEQEADNEVDEEC,55,100,7,22,2.549,2.519264356
ProTα-C,ProTa-C,Hofmann,CEEGGEEEEEEEEGDGEEEDGDEDEEAESATGKRAAEDDEDDDVDTKKQKTDEDC,55,100,7,22,2.998,3.3869979
hCyp,hCyp,Hofmann,GPMCNPTVFFDIAVDGEPLGRVSFELFADKVPKTAENFRALSTGEKGFGYKGSSFHRIIPGFMSQGGDFTRHNGTGGKSIYGEKFEDENFILKHTGPGILSMANAGPNTNGSQFFISTAKTEFLDGKHVVFGKVKEGMNIVEAMERFGSRNGKTSKKITIADSGQLC,167,75,7,22,2.534,3.455838139
ACTR,ACTR,Borgia,GPSGTQNRPLLRNSLDDLVGPPSNLEGQSDERALLDQLHTLLSNTDATGLEEIDRALGIPELVNQGQALEPKQDSGGPR,79,100,7,25,2.51,2.49971119
R17d,R17d,Borgia,GSRLEESLEYQQFVANVEEEEAWINEKMTLVASEDYGDTLAAIQGLLKKHEAFETDFTVHKDRVNDVAANGEDLIKKNNHHVENITAKMKGAKGKVSDLEKAAAQRKAKLDENSAFLQ,118,100,7,25,2.817,2.964929957
sh4ud,LL,Shrestha,MGSNKSKPKDASQRRRSLEPAENVHGAGGGAFPASQTPSKPASADGHRGPSAAFAPAAAEPKLFGGFNSSDTVTSPQRAGPLAGGSAWSHPQFEK,95,200,8,25,2.71,2.652345841
colNT,LL,Johnson,MGSNGADNAHNNAFGGGKNPGIGNTSGAGSNGSASSNRGNSNGWSWSNKPHKNDGFHSDGSYHITFHGDNNSKPKPGGNSGNRGNNGDGASSHHHHHH,98,400,7.6,25,2.83,2.617435651
PNt,PNt,Bowman,DWNNQSIVKTGERQHGIHIQGSDPGGVRTASGTTIKVSGRQAQGILLENPAAELQFRNGSVTSSGQLSDDGIRRFLGTVTVKAGKLVADHATLANVGDTWDDDGIALYVAGEQAQASIADSTLQGAGGVQIERGANVTVQRSAIVDGGLHIGALQSLQPEDLPPSRVVLRDTNVTAVPASGAPAAVSVLGASELTLDGGHITGGRAAGVAAMQGAVVHLQRATIRRGEALAGGAVPGGAVPGGAVPGGFGPGGFGPVLDGWYGVDVSGSSVELAQSIVEAPELGAAIRVGRGARVTVPGGSLSAPHGNVIETGGARRFAPQAAPLSITLQAGAH,334,150,7.5,25,5.11,5.002265334
PNt,swap1,Bowman,DWNNQSIVKTGERQHGIHIQGSDPGGVRTASGTTIKVSGRQAQGILLENPAAELQFRNGSVTSSGQKSDDGIRRFLGTVTVLAGKLVADHATLANVGDTWDDDGIALYVAGEQAQASIADSTLQGAGGVQIERGANVTVQRSAIVLGGLHIGALQSLQPEDDPPSRVVLRDTNVTAVPASGAPAAVSVLGASLLTLDGGHITGGRAAGVAAMQGAVVHEQRATIRRGEALAGGAVPGGAVPGGAVPGGFGPGGFGPVLDGWYGVDVSGSSVELAQSIVEAPELGAAIRVGRGARVTVPGGSLSAPHGNVIETGGARRFAPQAAPLSITLQAGAH,334,150,7.5,25,4.92,4.998767173
PNt,swap3,Bowman,DWNNQSIVKTGERQHGIHIQGSDPGGVRTASGTTIKVSGRQAQGILLENPAAELQFRNGSVTSSGQKSTDGTRRFLGDVIVKAGLLVADHATLANVGDTWDDDGIALYVAGEQAQASIADSTLQGAGGVQIERGANVDVLRLAIVDGGLHIGALQSQQPETSPPSRVVLRDTNVTAVPASGAPAAVSVQGASEQTLDGGAITGGRAAGVAAMLGHVVHLLRATIRRGEALAGGAVPGGAVPGGAVPGGFGPGGFGPVLDGWYGVDVSGSSVELAQSIVEAPELGAAIRVGRGARVTVPGGSLSAPHGNVIETGGARRFAPQAAPLSITLQAGAH,334,150,7.5,25,4.058,5.024235918
PNt,swap4,Bowman,DWNNQSIVKTGERQHGIHIQGSDPGGVRTASGTTIKVSGRQAQGILLENPAAELQFRNGSVTSSGQLSFVGITRDLGRDTVKAGKLVADHATLANVGDTWDDDGIALYVAGEQAQASIADSTLQGAGGVQIERGADVRVQREAIVDGGLHNGALQSLQPSILPPSTVVLRDTNVTAVPASGAPAAVLVSGASGLRLDGGHIHEGRAAGVAAMQGAVVTLQTATIRRGEALAGGAVPGGAVPGGAVPGGFGPGGFGPVLDGWYGVDVSGSSVELAQSIVEAPELGAAIRVGRGARVTVPGGSLSAPHGNVIETGGARRFAPQAAPLSITLQAGAH,334,150,7.5,25,5.337,5.080732149
PNt,swap4.1,Bowman,DWNNQSIVKTGERQHGIHIQGSDPGGVRTASGTTIKVSGRQAQGILLENPAAELQFRNGSVTSSGQLSFVGITRRLGDDTVKAGKLVADHATLANVGDTWDDDGIALYVAGEQAQASIADSTLQGAGGVQIERGADVEVQRRAIVDGGLHNGALQSLQPSILPPSTVVLRDTNVTAVPASGAPAAVLVSGASGLELDGGHIHRGRAAGVAAMQGAVVTLQTATIRRGEALAGGAVPGGAVPGGAVPGGFGPGGFGPVLDGWYGVDVSGSSVELAQSIVEAPELGAAIRVGRGARVTVPGGSLSAPHGNVIETGGARRFAPQAAPLSITLQAGAH,334,150,7.5,25,5.445,5.005591773
PNt,swap5,Bowman,DWNNQSIVKTGERQHGIHIQGSDPGGVRTASGTTIKVSGRQAQGILLENPAAELQFRNGSVTSSGQLSDDGIEDFLGTVTVDAGELVADHATLANVGDTWDDDGIALYVAGEQAQASIADSTLQGAGGVQIEDGANVTVQESAIVDGGLHIGALQSLQPRRLPPSRVVLRKTNVTAVPASGAPAAVSVLGASKLTLRGGHITGGRAAGVAAMQGAVVHLQRATIRRGRALAGGAVPGGAVPGGAVPGGFGPGGFGPVLDGWYGVDVSGSSVELAQSIVEAPELGAAIRVGRGARVTVPGGSLSAPHGNVIETGGARRFAPQAAPLSITLQAGAH,334,150,7.5,25,4.871,4.760132157
PNt,swap6,Bowman,DWNNQSIVKTGERQHGIHIQGSDPGGVRTASGTTIKVSGRQAQGILLENPAAELQFRNGSVTSSGQLSDRGIDRFLGTVTVEAGKLVADHATLANVGDTWDKDGIALYVAGRQAQASIADSTLQGAGGVQIREGANVTVQRSAIVDGGLHIGALQSLQPERLPPSDVVLRDTNVTAVPASGAPAAVSVLGASRLTLDGGHITGGDAAGVAAMQGAVVHLQRATIERGEALAGGAVPGGAVPGGAVPGGFGPGGFGPVLDGWYGVDVSGSSVELAQSIVEAPELGAAIRVGRGARVTVPGGSLSAPHGNVIETGGARRFAPQAAPLSITLQAGAH,334,150,7.5,25,5.261,5.117488247
